Patient ID,Name,Age,Weight,Height,Weeks Pregnant,SBP,DBP,CR_SE,Platelets,BUN,Protein,Cholesterol,Glucose,Uric Acid,ALK,ALT,eGFR,BMI,MAP,PLT_MAP_ratio,Height_m,BUN_CR_ratio,Prediction
123,eman,25,70.0,170.0,20,120.0,80.0,1.0,250.0,12.0,7.0,200.0,100.0,5.0,60.0,15.0,78.23870139373328,24.221453287197235,93.33333333333331,2.678571428571429,1.7,12.0,No preeclampsia detected
123,eman,25,70.0,170.0,20,120.0,80.0,1.0,250.0,12.0,7.0,200.0,100.0,5.0,60.0,15.0,78.23870139373328,24.221453287197235,93.33333333333331,2.678571428571429,1.7,12.0,لم يتم الكشف عن تسمم الحمل
123,eman,25,70.0,170.0,20,120.0,80.0,1.0,250.0,12.0,7.0,200.0,100.0,5.0,60.0,15.0,78.23870139373328,24.221453287197235,93.33333333333331,2.678571428571429,1.7,12.0,No preeclampsia detected
123,eman,25,70.0,170.0,20,120.0,80.0,1.0,250.0,12.0,7.0,200.0,100.0,5.0,60.0,15.0,78.23870139373328,24.221453287197235,93.33333333333331,2.678571428571429,1.7,12.0,لم يتم الكشف عن تسمم الحمل
123,eman,25,70.0,170.0,20,120.0,80.0,1.0,250.0,12.0,7.0,200.0,100.0,5.0,60.0,15.0,78.23870139373328,24.221453287197235,93.33333333333331,2.678571428571429,1.7,12.0,No preeclampsia detected
123,eman,25,70.0,170.0,20,120.0,80.0,1.0,250.0,12.0,7.0,200.0,100.0,5.0,60.0,15.0,78.23870139373328,24.221453287197235,93.33333333333331,2.678571428571429,1.7,12.0,لم يتم الكشف عن تسمم الحمل
123,eman,25,70.0,170.0,20,120.0,80.0,1.0,250.0,12.0,7.0,200.0,100.0,5.0,60.0,15.0,78.23870139373328,24.221453287197235,93.33333333333333,2.678571428571429,1.7,12.0,No preeclampsia detected
